[{
  "_id": {
    "$oid": "60b8d295fbd1c33e8c8af9c1"
  },
  "detail": "Participation in Science Fair 2024",
  "issued_on": {
    "$date": "2024-05-02T00:00:00.000Z"
  },
  "event_id": {
    "$oid": "60b8d295fbd1c33e8c8af9b1"
  },
  "student_id": {
    "$oid": "60b8d295fbd1c33e8c8af9a1"
  }
},
{
  "_id": {
    "$oid": "60b8d295fbd1c33e8c8af9c2"
  },
  "detail": "Best Project in Science Fair 2024",
  "issued_on": {
    "$date": "2024-05-02T00:00:00.000Z"
  },
  "event_id": {
    "$oid": "60b8d295fbd1c33e8c8af9b1"
  },
  "student_id": {
    "$oid": "60b8d295fbd1c33e8c8af9a4"
  }
},
{
  "_id": {
    "$oid": "60b8d295fbd1c33e8c8af9c3"
  },
  "detail": "Participation in Car design Workshop",
  "issued_on": {
    "$date": "2024-06-19T00:00:00.000Z"
  },
  "event_id": {
    "$oid": "60b8d295fbd1c33e8c8af9b2"
  },
  "student_id": {
    "$oid": "60b8d295fbd1c33e8c8af9a3"
  }
},
{
  "_id": {
    "$oid": "60b8d295fbd1c33e8c8af9c4"
  },
  "detail": "Outstanding Contribution in Literature Conference",
  "issued_on": {
    "$date": "2024-07-21T00:00:00.000Z"
  },
  "event_id": {
    "$oid": "60b8d295fbd1c33e8c8af9b3"
  },
  "student_id": {
    "$oid": "60b8d295fbd1c33e8c8af9a3"
  }
},
{
  "_id": {
    "$oid": "60b8d295fbd1c33e8c8af9c5"
  },
  "detail": "Participation in Physics Symposium 2024",
  "issued_on": {
    "$date": "2024-08-26T00:00:00.000Z"
  },
  "event_id": {
    "$oid": "60b8d295fbd1c33e8c8af9b4"
  },
  "student_id": {
    "$oid": "60b8d295fbd1c33e8c8af9a1"
  }
},
{
  "_id": {
    "$oid": "60b8d295fbd1c33e8c8af9c6"
  },
  "detail": "Participation in Business Strategy Seminar",
  "issued_on": {
    "$date": "2024-09-11T00:00:00.000Z"
  },
  "event_id": {
    "$oid": "60b8d295fbd1c33e8c8af9b5"
  },
  "student_id": {
    "$oid": "60b8d295fbd1c33e8c8af9a5"
  }
},
{
  "_id": {
    "$oid": "60b8d295fbd1c33e8c8af9c7"
  },
  "detail": "Top Presenter in Business Strategy Seminar",
  "issued_on": {
    "$date": "2024-09-11T00:00:00.000Z"
  },
  "event_id": {
    "$oid": "60b8d295fbd1c33e8c8af9b5"
  },
  "student_id": {
    "$oid": "60b8d295fbd1c33e8c8af9a1"
  }
},
{
  "_id": {
    "$oid": "60b8d295fbd1c33e8c8af9c8"
  },
  "detail": "Participation in Car design Workshop",
  "issued_on": {
    "$date": "2024-06-19T00:00:00.000Z"
  },
  "event_id": {
    "$oid": "60b8d295fbd1c33e8c8af9b2"
  },
  "student_id": {
    "$oid": "60b8d295fbd1c33e8c8af9a6"
  }
},
{
  "_id": {
    "$oid": "60b8d295fbd1c33e8c8af9c9"
  },
  "detail": "Participation in Science Fair 2024",
  "issued_on": {
    "$date": "2024-05-02T00:00:00.000Z"
  },
  "event_id": {
    "$oid": "60b8d295fbd1c33e8c8af9b6"
  },
  "student_id": {
    "$oid": "60b8d295fbd1c33e8c8af9a1"
  }
},
{
  "_id": {
    "$oid": "60b8d295fbd1c33e8c8af9ca"
  },
  "detail": "Best Project in Science Fair 2024",
  "issued_on": {
    "$date": "2024-05-02T00:00:00.000Z"
  },
  "event_id": {
    "$oid": "60b8d295fbd1c33e8c8af9b6"
  },
  "student_id": {
    "$oid": "60b8d295fbd1c33e8c8af9a4"
  }
},
{
  "_id": {
    "$oid": "60b8d295fbd1c33e8c8af9cb"
  },
  "detail": "Participation in Mechanical Workshop",
  "issued_on": {
    "$date": "2024-06-16T00:00:00.000Z"
  },
  "event_id": {
    "$oid": "60b8d295fbd1c33e8c8af9b7"
  },
  "student_id": {
    "$oid": "60b8d295fbd1c33e8c8af9a2"
  }
},
{
  "_id": {
    "$oid": "60b8d295fbd1c33e8c8af9cc"
  },
  "detail": "Outstanding Contribution in Literature Conference",
  "issued_on": {
    "$date": "2024-07-21T00:00:00.000Z"
  },
  "event_id": {
    "$oid": "60b8d295fbd1c33e8c8af9b8"
  },
  "student_id": {
    "$oid": "60b8d295fbd1c33e8c8af9a3"
  }
},
{
  "_id": {
    "$oid": "60b8d295fbd1c33e8c8af9cd"
  },
  "detail": "Participation in Physics Symposium 2024",
  "issued_on": {
    "$date": "2024-08-26T00:00:00.000Z"
  },
  "event_id": {
    "$oid": "60b8d295fbd1c33e8c8af9b9"
  },
  "student_id": {
    "$oid": "60b8d295fbd1c33e8c8af9a1"
  }
},
{
  "_id": {
    "$oid": "60b8d295fbd1c33e8c8af9ce"
  },
  "detail": "Participation in Business Strategy Seminar",
  "issued_on": {
    "$date": "2024-09-11T00:00:00.000Z"
  },
  "event_id": {
    "$oid": "60b8d295fbd1c33e8c8af9ba"
  },
  "student_id": {
    "$oid": "60b8d295fbd1c33e8c8af9a5"
  }
},
{
  "_id": {
    "$oid": "60b8d295fbd1c33e8c8af9cf"
  },
  "detail": "Top Presenter in Business Strategy Seminar",
  "issued_on": {
    "$date": "2024-09-11T00:00:00.000Z"
  },
  "event_id": {
    "$oid": "60b8d295fbd1c33e8c8af9ba"
  },
  "student_id": {
    "$oid": "60b8d295fbd1c33e8c8af9a1"
  }
},
{
  "_id": {
    "$oid": "60b8d295fbd1c33e8c8af9d0"
  },
  "detail": "Winner of Hackathon 2024",
  "issued_on": {
    "$date": "2024-10-06T00:00:00.000Z"
  },
  "event_id": {
    "$oid": "60b8d295fbd1c33e8c8af9bb"
  },
  "student_id": {
    "$oid": "60b8d295fbd1c33e8c8af9a1"
  }
},
{
  "_id": {
    "$oid": "60b8d295fbd1c33e8c8af9d1"
  },
  "detail": "Participation in Hackathon 2024",
  "issued_on": {
    "$date": "2024-10-06T00:00:00.000Z"
  },
  "event_id": {
    "$oid": "60b8d295fbd1c33e8c8af9bb"
  },
  "student_id": {
    "$oid": "60b8d295fbd1c33e8c8af9a4"
  }
},
{
  "_id": {
    "$oid": "60b8d295fbd1c33e8c8af9d2"
  },
  "detail": "Best Innovation in Robotics Workshop",
  "issued_on": {
    "$date": "2024-11-16T00:00:00.000Z"
  },
  "event_id": {
    "$oid": "60b8d295fbd1c33e8c8af9bc"
  },
  "student_id": {
    "$oid": "60b8d295fbd1c33e8c8af9a1"
  }
},
{
  "_id": {
    "$oid": "60b8d295fbd1c33e8c8af9d3"
  },
  "detail": "Participation in Robotics Workshop",
  "issued_on": {
    "$date": "2024-11-16T00:00:00.000Z"
  },
  "event_id": {
    "$oid": "60b8d295fbd1c33e8c8af9bc"
  },
  "student_id": {
    "$oid": "60b8d295fbd1c33e8c8af9a2"
  }
},
{
  "_id": {
    "$oid": "669146bf2af2cc7b766c7bf7"
  },
  "detail": "Participation in Science Fair 2024",
  "issued_on": {
    "$date": "2024-05-02T00:00:00.000Z"
  },
  "event_id": {
    "$oid": "60b8d295fbd1c33e8c8af9b2"
  },
  "student_id": {
    "$oid": "60b8d295fbd1c33e8c8affff"
  },
  "__v": 0
},
{
  "_id": {
    "$oid": "6691470bf03df4b06d7c5733"
  },
  "detail": "Participation in Science Fair 2024",
  "issued_on": {
    "$date": "2024-05-02T00:00:00.000Z"
  },
  "event_id": {
    "$oid": "60b8d295fbd1c33e8c8af9b2"
  },
  "student_id": {
    "$oid": "60b8d295fbd1c33e8c8affff"
  },
  "__v": 0
},
{
  "_id": {
    "$oid": "66914f3c7bebae1dd03e6260"
  },
  "detail": "Participation in Science Fair 2024",
  "issued_on": {
    "$date": "2024-05-02T00:00:00.000Z"
  },
  "event_id": {
    "$oid": "60b8d295fbd1c33e8c8af9b1"
  },
  "student_id": {
    "$oid": "60b8d295fbd1c33e8c8af9a2"
  },
  "__v": 0
}]