[{
  "_id": {
    "$oid": "60b8d295fbd1c33e8c8af9a1"
  },
  "regno": "2024001",
  "degree": "BSc Computer Science",
  "faculty": "Faculty of Science",
  "first_name": "John",
  "last_name": "Doe"
},
{
  "_id": {
    "$oid": "60b8d295fbd1c33e8c8af9a2"
  },
  "regno": "2024002",
  "degree": "BSc Mechanical Engineering",
  "faculty": "Faculty of Engineering",
  "first_name": "Jane",
  "last_name": "Smith"
},
{
  "_id": {
    "$oid": "60b8d295fbd1c33e8c8af9a3"
  },
  "regno": "2024003",
  "degree": "BA English Literature",
  "faculty": "Faculty of Arts",
  "first_name": "Emily",
  "last_name": "Jones"
},
{
  "_id": {
    "$oid": "60b8d295fbd1c33e8c8af9a4"
  },
  "regno": "2024004",
  "degree": "BSc Physics",
  "faculty": "Faculty of Science",
  "first_name": "Michael",
  "last_name": "Brown"
},
{
  "_id": {
    "$oid": "60b8d295fbd1c33e8c8af9a5"
  },
  "regno": "2024005",
  "degree": "BBA Business Administration",
  "faculty": "Faculty of Business",
  "first_name": "Sarah",
  "last_name": "Davis"
},
{
  "_id": {
    "$oid": "60b8d295fbd1c33e8c8af9a6"
  },
  "regno": "2024020",
  "degree": "BSc Mechanical Engineering",
  "faculty": "Faculty of Engineering",
  "first_name": "Colins",
  "last_name": "Peter"
}]